dt,sensor,lux,con,spl
6/21/2016 0:00,sensor_0,0,2834.03125,66.30847906
6/21/2016 0:00,sensor_2,0,1691.99625,70.37594319
6/21/2016 0:00,sensor_3,0,1686.44125,76.23573826
6/21/2016 0:00,sensor_4,0,2324.65875,70.65233387
6/21/2016 4:00,sensor_0,3213.5,2748.28875,81.46743634
6/21/2016 4:00,sensor_2,1703,2550.945,72.33445048
6/21/2016 4:00,sensor_3,712.5,2041.33,79.44586946
6/21/2016 4:00,sensor_4,3057.75,3041.73875,81.49942213
6/21/2016 8:00,sensor_0,24532.625,2720.35125,80.02059991
6/21/2016 8:00,sensor_2,19257.5,3088.8275,76.37204707
6/21/2016 8:00,sensor_3,2152.875,2369.7175,80.73860866
6/21/2016 8:00,sensor_4,14859,2757.6725,77.78556522
6/21/2016 12:00,sensor_0,40268.25,2443.72875,76.52587581
6/21/2016 12:00,sensor_2,11213.125,2561.64625,77.57171502
6/21/2016 12:00,sensor_3,6361.5,1985.25625,81.86168376
6/21/2016 12:00,sensor_4,34566.5,2409.32625,73.50313545
6/21/2016 16:00,sensor_0,17189.75,2717.49625,80.02059991
6/21/2016 16:00,sensor_2,5939.25,2721.79125,75.63583675
6/21/2016 16:00,sensor_3,4337.125,2255.3775,79.67511341
6/21/2016 16:00,sensor_4,13819.375,2944.80375,74.06179698
6/21/2016 20:00,sensor_0,157.75,2839.575,72.06179974
6/21/2016 20:00,sensor_2,94,2011.69375,72.57865158
6/21/2016 20:00,sensor_3,59.125,1768.385,78.12838488
6/21/2016 20:00,sensor_4,190.75,1992.24,72.39473983
6/22/2016 0:00,sensor_0,0,2451.52875,66.30847906
6/22/2016 0:00,sensor_2,0,1588.41375,70.12699897
6/22/2016 0:00,sensor_3,0,1907.6975,73.48430963
6/22/2016 0:00,sensor_4,0,1999.24125,69.80445119
6/22/2016 4:00,sensor_0,4075.875,2161.75,69.91760035
6/22/2016 4:00,sensor_2,4251.125,2007.6925,72.03957208
6/22/2016 4:00,sensor_3,816.375,2125.37125,79.44547447
6/22/2016 4:00,sensor_4,4537.5,2763.72125,70.81193082
6/22/2016 8:00,sensor_0,27930.75,2714.7975,77.07629729
6/22/2016 8:00,sensor_2,14378,2652.43875,77.18461442
6/22/2016 8:00,sensor_3,2226.375,3012.7775,78.96833341
6/22/2016 8:00,sensor_4,20280,3028.1925,73.61674856
6/22/2016 12:00,sensor_0,44426.625,2786.37125,88.6478752
6/22/2016 12:00,sensor_2,8121.25,2528.38625,78.1364706
6/22/2016 12:00,sensor_3,5074.875,3450.05375,81.4589132
6/22/2016 12:00,sensor_4,33164.75,2453.33875,87.0135107
6/22/2016 16:00,sensor_0,19103.125,2547.83625,80.69912232
6/22/2016 16:00,sensor_2,4638,2516.44375,77.09706602
6/22/2016 16:00,sensor_3,4209.375,2337.99625,76.49704949
6/22/2016 16:00,sensor_4,11140.125,2202.265,81.22253102
6/22/2016 20:00,sensor_0,180.125,2470.1975,69.91760035
6/22/2016 20:00,sensor_2,115.25,1657.26875,74.86028778
6/22/2016 20:00,sensor_3,77.375,2010.21875,77.49541543
6/22/2016 20:00,sensor_4,250.625,2024.15,71.85189284
6/23/2016 0:00,sensor_0,0,2349.26,64.88136089
6/23/2016 0:00,sensor_2,0,1488.98375,71.58709783
6/23/2016 0:00,sensor_3,0,1791.2875,73.93543477
6/23/2016 0:00,sensor_4,0,1741.175,70.32168878
6/23/2016 4:00,sensor_0,4068.75,2857.1825,67.53387219
6/23/2016 4:00,sensor_2,2264.375,1853.7675,72.4894658
6/23/2016 4:00,sensor_3,953.625,2386.17375,76.07016376
6/23/2016 4:00,sensor_4,4003.875,2419.2325,70.96864812
6/23/2016 8:00,sensor_0,22954.25,3342.97625,72.58837851
6/23/2016 8:00,sensor_2,15352.375,2683.32375,74.19826194
6/23/2016 8:00,sensor_3,5075.125,2810.55625,82.12329297
6/23/2016 8:00,sensor_4,27865.75,2983.7175,71.7107204
6/23/2016 12:00,sensor_0,33231.375,7509.04875,76.84465984
6/23/2016 12:00,sensor_2,14753.625,2405.71125,76.45314367
6/23/2016 12:00,sensor_3,7879.75,2857.315,82.41589848
6/23/2016 12:00,sensor_4,33577,8536.32875,72.26210777
6/23/2016 16:00,sensor_0,14234.875,2972.10125,75.02305045
6/23/2016 16:00,sensor_2,4765.25,1866.3175,76.76651245
6/23/2016 16:00,sensor_3,3210.125,2202.18125,80.06118092
6/23/2016 16:00,sensor_4,10981.75,2921.46875,72.90427789
6/23/2016 20:00,sensor_0,126.75,2769.56375,73.32283465
6/23/2016 20:00,sensor_2,86.875,1505.5325,72.20350131
6/23/2016 20:00,sensor_3,53.75,2264.93875,78.58209495
6/23/2016 20:00,sensor_4,172.5,2503.91625,69.98024857
6/24/2016 0:00,sensor_0,0,2883.735,63.17275698
6/24/2016 0:00,sensor_2,0,1733.47125,71.05655247
6/24/2016 0:00,sensor_3,0,1794.35625,70.4729734
6/24/2016 0:00,sensor_4,0,2436.06,69.62447005
6/24/2016 4:00,sensor_0,3439.625,2784.95875,72.96336723
6/24/2016 4:00,sensor_2,3523.25,2491.0175,73.82328332
6/24/2016 4:00,sensor_3,656.375,2163.055,78.32930477
6/24/2016 4:00,sensor_4,3318.625,3159.51625,71.71137177
6/24/2016 8:00,sensor_0,16731.625,2918.5975,76.68673022
6/24/2016 8:00,sensor_2,13909.875,2407.0975,75.05518944
6/24/2016 8:00,sensor_3,1950.375,2867.7825,79.84369872
6/24/2016 8:00,sensor_4,4651.75,2734.2375,74.38302917
6/24/2016 12:00,sensor_0,5454.875,4268.22375,85.84908701
6/24/2016 12:00,sensor_2,5473,2371.1425,76.78742391
6/24/2016 12:00,sensor_3,3831.875,4316.285,81.08248471
6/24/2016 12:00,sensor_4,20026.25,2768.5175,83.60896658
6/24/2016 16:00,sensor_0,17326.25,3416.27875,78.73578199
6/24/2016 16:00,sensor_2,3505.75,2462.61375,74.61806852
6/24/2016 16:00,sensor_3,3739,2344.2025,80.22367974
6/24/2016 16:00,sensor_4,9883.75,3414.48875,79.03036696
6/24/2016 20:00,sensor_0,157.625,3353.78875,74.52657877
6/24/2016 20:00,sensor_2,107.75,1952.50375,73.8567132
6/24/2016 20:00,sensor_3,75.25,2174.03625,80.11166915
6/24/2016 20:00,sensor_4,230.375,2803.53875,70.65184337
6/25/2016 0:00,sensor_0,0,2836.56,68.40318607
6/25/2016 0:00,sensor_2,0,2298.47875,70.53382093
6/25/2016 0:00,sensor_3,0,1865.41,74.77660456
6/25/2016 0:00,sensor_4,0,2483.3125,69.44068044
6/25/2016 4:00,sensor_0,3082.375,3017.26,67.97940009
6/25/2016 4:00,sensor_2,3280.5,2461.28,69.76172834
6/25/2016 4:00,sensor_3,559.875,1827.17375,75.80450973
6/25/2016 4:00,sensor_4,2585.25,2603.505,69.98024857
6/25/2016 8:00,sensor_0,21034.75,3158.91375,76.52587581
6/25/2016 8:00,sensor_2,13452.875,3083.4825,73.92361529
6/25/2016 8:00,sensor_3,1721.625,2762.3425,80.53166124
6/25/2016 8:00,sensor_4,4761.375,2954.9075,72.26288094
6/25/2016 12:00,sensor_0,23035.125,2709.1875,78.41523308
6/25/2016 12:00,sensor_2,7054.875,2321.385,75.45417402
6/25/2016 12:00,sensor_3,4172.625,1965.17625,78.33185275
6/25/2016 12:00,sensor_4,24547.375,2692.8725,74.6887604
6/25/2016 16:00,sensor_0,15936.375,2236.9425,79.68861468
6/25/2016 16:00,sensor_2,2374.5,1699.17125,71.48399521
6/25/2016 16:00,sensor_3,2930.75,1854.05875,81.45746761
6/25/2016 16:00,sensor_4,7233.875,2080.6975,75.08425808
6/25/2016 20:00,sensor_0,175.125,2594.2475,75.02305045
6/25/2016 20:00,sensor_2,114.625,1729.84125,71.91793735
6/25/2016 20:00,sensor_3,76,1937.2375,82.12352808
6/25/2016 20:00,sensor_4,246.75,2156.935,70.48825005
6/26/2016 0:00,sensor_0,0,2156.685,69.56302501
6/26/2016 0:00,sensor_2,0,1658.82,72.19218296
6/26/2016 0:00,sensor_3,0,1819.09875,78.19488978
6/26/2016 0:00,sensor_4,0,2307.68,69.98077851
6/26/2016 4:00,sensor_0,3491.625,2129.61875,67.7594924
6/26/2016 4:00,sensor_2,3575.25,2105.245,68.89698694
6/26/2016 4:00,sensor_3,636.75,1876.6825,72.62566545
6/26/2016 4:00,sensor_4,3420,2522.09,69.62447005
6/26/2016 8:00,sensor_0,17494.5,2355.6325,71.50122527
6/26/2016 8:00,sensor_2,14483.5,2513.52375,73.18006597
6/26/2016 8:00,sensor_3,2731.875,2365.8,74.87569056
6/26/2016 8:00,sensor_4,4504.375,2728.635,71.27354469
6/26/2016 12:00,sensor_0,5088.25,2862.50375,83.89700043
6/26/2016 12:00,sensor_2,6324,2057.1475,77.67676274
6/26/2016 12:00,sensor_3,4061.625,2297.36,81.9061963
6/26/2016 12:00,sensor_4,22047.875,2434.5775,76.66062876
6/26/2016 16:00,sensor_0,16427.375,3342.08,82.38258615
6/26/2016 16:00,sensor_2,3129.25,2331.305,74.50348215
6/26/2016 16:00,sensor_3,3548.5,2140.6125,76.6621295
6/26/2016 16:00,sensor_4,9120.875,2466.6425,75.08370221
6/26/2016 20:00,sensor_0,193,2821.91125,74.31976211
6/26/2016 20:00,sensor_2,132.625,1676.8875,73.06372651
6/26/2016 20:00,sensor_3,91.625,1788.09,73.8369105
6/26/2016 20:00,sensor_4,277.625,2724.10875,70.48825005
6/27/2016 0:00,sensor_0,0,2570.56125,71.20676013
6/27/2016 0:00,sensor_2,0,2037.58625,70.37151594
6/27/2016 0:00,sensor_3,0,1873.90375,73.83136874
6/27/2016 0:00,sensor_4,0,2788.3,70.15359741
6/27/2016 4:00,sensor_0,3384.25,3148.09875,73.55447211
6/27/2016 4:00,sensor_2,3442.375,2076.255,71.44078268
6/27/2016 4:00,sensor_3,627.25,1751.15375,80.11217493
6/27/2016 4:00,sensor_4,3462.875,2716.1025,71.27067474
6/27/2016 8:00,sensor_0,22738.125,2693.875,79.34343457
6/27/2016 8:00,sensor_2,15645.375,2651.1875,74.52717271
6/27/2016 8:00,sensor_3,2776.875,2462.49375,78.71995193
6/27/2016 8:00,sensor_4,10109.125,2618.305,72.78169396
6/27/2016 12:00,sensor_0,28065.75,3524.3525,84.30422609
6/27/2016 12:00,sensor_2,10008.125,2956.91625,75.32828819
6/27/2016 12:00,sensor_3,5855,3061.90375,79.73126556
6/27/2016 12:00,sensor_4,32921.5,3757.48875,78.13095706
6/27/2016 16:00,sensor_0,19750.75,4123.045,85.09583819
6/27/2016 16:00,sensor_2,6128.75,3402.76375,74.18120368
6/27/2016 16:00,sensor_3,4665.75,3708.8075,77.13040765
6/27/2016 16:00,sensor_4,14284,4246.49625,76.89977297
6/27/2016 20:00,sensor_0,44,42612.265,76.76605396
6/27/2016 20:00,sensor_2,32,2918.4875,71.07543641
6/27/2016 20:00,sensor_3,16.5,2412.955,78.96646019
6/27/2016 20:00,sensor_4,64.125,3656.21125,73.50425228
6/28/2016 0:00,sensor_0,0,3011.03625,71.50122527
6/28/2016 0:00,sensor_2,0,2266.00625,70.73933662
6/28/2016 0:00,sensor_3,3.5,2075.565,75.06675542
6/28/2016 0:00,sensor_4,0,2709.67625,70.65135283
6/28/2016 4:00,sensor_0,67.5,2623.94625,74.8278537
6/28/2016 4:00,sensor_2,1504.625,2170.49375,71.7609032
6/28/2016 4:00,sensor_3,681.875,1899.29625,77.12181101
6/28/2016 4:00,sensor_4,2957.875,2427.27,71.27430337
6/28/2016 8:00,sensor_0,0,3482.635,74.8278537
6/28/2016 8:00,sensor_2,6574.5,2416.54625,74.52712727
6/28/2016 8:00,sensor_3,2726.25,2602.60375,81.55009224
6/28/2016 8:00,sensor_4,13596.5,3506.54625,72.26389964
6/28/2016 12:00,sensor_0,10434,2960.315,77.87640052
6/28/2016 12:00,sensor_2,16275.125,2425.57125,75.24148384
6/28/2016 12:00,sensor_3,8026.125,2792.0825,78.1317315
6/28/2016 12:00,sensor_4,35022.125,3118.32625,74.16972615
6/28/2016 16:00,sensor_0,13774.375,10970.135,75.21395681
6/28/2016 16:00,sensor_2,7245.125,2159.825,73.20409852
6/28/2016 16:00,sensor_3,3732.5,2220.485,79.50499996
6/28/2016 16:00,sensor_4,15266.25,2289.18875,74.48644305
6/28/2016 20:00,sensor_0,67.5,2165.5275,64.56547554
6/28/2016 20:00,sensor_2,57.875,1932.4075,70.02832761
6/28/2016 20:00,sensor_3,21.625,2008.04,75.26467219
6/28/2016 20:00,sensor_4,113.125,3561.375,71.56478064
6/29/2016 0:00,sensor_0,0,2523.52625,70.08960378
6/29/2016 0:00,sensor_2,0,1818.99125,70.16843266
6/29/2016 0:00,sensor_3,0,1872.82375,73.71170119
6/29/2016 0:00,sensor_4,0,2089.77,69.62447005
6/29/2016 4:00,sensor_0,5655.375,10369.65375,75.02305045
6/29/2016 4:00,sensor_2,3370,2011.4,71.5329165
6/29/2016 4:00,sensor_3,534.125,2208.00625,77.70581001
6/29/2016 4:00,sensor_4,3239.625,2674.9575,70.48874989
6/29/2016 8:00,sensor_0,33249.25,2930.27,73.32283465
6/29/2016 8:00,sensor_2,31263.75,2135.48125,75.43625156
6/29/2016 8:00,sensor_3,3850,4500.1025,80.27521611
6/29/2016 8:00,sensor_4,37083.625,2521.87,73.02915533
6/29/2016 12:00,sensor_0,1222.2,1895.61,74.34066679
6/29/2016 12:00,sensor_2,9872,6415.7025,75.35654592
6/29/2016 12:00,sensor_3,5028,7042.19375,80.17025872
6/29/2016 12:00,sensor_4,30427.375,4818.005,72.90689119
6/29/2016 16:00,sensor_0,0,1920.22125,71.50122527
6/29/2016 16:00,sensor_2,3026.75,2208.6025,77.25777158
6/29/2016 16:00,sensor_3,3557.625,2289.36875,79.38766957
6/29/2016 16:00,sensor_4,10334.125,2248.785,74.9879821
6/29/2016 20:00,sensor_0,101.25,2195.10375,67.53387219
6/29/2016 20:00,sensor_2,79,1800.59875,71.87326549
6/29/2016 20:00,sensor_3,74.375,1893.1775,74.88589591
6/29/2016 20:00,sensor_4,281.125,2334.37875,73.73281967
6/30/2016 0:00,sensor_0,10792.625,2407.35625,75.76272177
6/30/2016 0:00,sensor_2,0,1802.66375,73.16307758
6/30/2016 0:00,sensor_3,0,1854.5425,74.97601467
6/30/2016 0:00,sensor_4,0,1976.6625,71.27145384
6/30/2016 4:00,sensor_0,15413.75,2020.09875,75.85090415
6/30/2016 4:00,sensor_2,1867.625,2012.52125,73.11857012
6/30/2016 4:00,sensor_3,455.75,2029.2375,77.84581412
6/30/2016 4:00,sensor_4,2312.5,2310.82625,70.48694052
6/30/2016 8:00,sensor_0,34419.5,2908.5325,78.79849627
6/30/2016 8:00,sensor_2,13717.25,2819.79,76.93446244
6/30/2016 8:00,sensor_3,1237,2179.77875,82.37553245
6/30/2016 8:00,sensor_4,4769.75,2551.85875,72.12933644
6/30/2016 12:00,sensor_0,4582.625,3239.755,78.92258251
6/30/2016 12:00,sensor_2,4150,2137.30625,77.15207181
6/30/2016 12:00,sensor_3,3692,2019.905,80.63863666
6/30/2016 12:00,sensor_4,24217.5,2658.31625,72.52545213
6/30/2016 16:00,sensor_0,0,2553.5475,75.11902811
6/30/2016 16:00,sensor_2,2712.75,1867.78125,78.26193132
6/30/2016 16:00,sensor_3,3328.375,1995.11125,82.29034965
6/30/2016 16:00,sensor_4,10005.625,2453.54,74.69042917
6/30/2016 20:00,sensor_0,104.375,2713.84,66.04119983
6/30/2016 20:00,sensor_2,81,1708.97625,75.08456795
6/30/2016 20:00,sensor_3,73.625,1889.39,78.06281956
6/30/2016 20:00,sensor_4,248,2605.68,71.71258037
7/1/2016 0:00,sensor_0,12718.75,2884.055,74.31976211
7/1/2016 0:00,sensor_2,0,1715.53625,70.60401616
7/1/2016 0:00,sensor_3,0,2151.45875,74.76823434
7/1/2016 0:00,sensor_4,0,2243.90875,69.98024857
7/1/2016 4:00,sensor_0,44847.625,3095.6,79.04492101
7/1/2016 4:00,sensor_2,2236.25,2058.23125,74.04263653
7/1/2016 4:00,sensor_3,901.75,1867.82625,77.56890414
7/1/2016 4:00,sensor_4,5174.75,2137.3425,71.1218158
7/1/2016 8:00,sensor_0,30495.625,3168.89,84.6614532
7/1/2016 8:00,sensor_2,19660.625,2575.7025,75.42336257
7/1/2016 8:00,sensor_3,5489,2665.255,79.02989907
7/1/2016 8:00,sensor_4,41880.625,3313.1375,73.94891275
7/1/2016 12:00,sensor_0,6932.5,2636.56875,77.22736004
7/1/2016 12:00,sensor_2,14932.25,2739.82375,77.48425755
7/1/2016 12:00,sensor_3,8449.125,2559.3325,80.16989778
7/1/2016 12:00,sensor_4,40735,2966.8025,78.39863494
7/1/2016 16:00,sensor_0,0,2126.215,77.15215707
7/1/2016 16:00,sensor_2,4450,2657.8925,76.32666732
7/1/2016 16:00,sensor_3,2862.125,2398.10125,79.21164474
7/1/2016 16:00,sensor_4,13103.875,3072.615,78.39443664
7/1/2016 20:00,sensor_0,94.75,2405.83875,76.19494475
7/1/2016 20:00,sensor_2,63.125,1881.91375,74.85902264
7/1/2016 20:00,sensor_3,36.25,1536.96125,79.72521235
7/1/2016 20:00,sensor_4,170.25,2158.7975,75.71587745
7/2/2016 0:00,sensor_0,12758.125,2271.68125,82.78665388
7/2/2016 0:00,sensor_2,0,1996.84875,72.86424529
7/2/2016 0:00,sensor_3,0,1767.0725,76.22103843
7/2/2016 0:00,sensor_4,0,2411.705,71.84755243
7/2/2016 4:00,sensor_0,43631.375,2269.195,85.24585729
7/2/2016 4:00,sensor_2,1942.625,2137.6525,71.37023372
7/2/2016 4:00,sensor_3,497.75,1671.9975,71.107221
7/2/2016 4:00,sensor_4,2357.625,1999.0625,82.25007333
7/2/2016 8:00,sensor_0,40940.125,2199.9925,85.90441134
7/2/2016 8:00,sensor_2,16270.75,1961.58125,75.24531914
7/2/2016 8:00,sensor_3,3040.5,1878.82375,76.97360268
7/2/2016 8:00,sensor_4,29966.875,1687.49625,83.50106942
7/2/2016 12:00,sensor_0,3535.125,2597.7,77.73630249
7/2/2016 12:00,sensor_2,9203.625,2358.03125,77.24304101
7/2/2016 12:00,sensor_3,6089.25,2000.4025,77.42875806
7/2/2016 12:00,sensor_4,36907.125,1519.1675,83.12933836
7/2/2016 16:00,sensor_0,0,1569.4825,70.25826713
7/2/2016 16:00,sensor_2,4238.375,2021.965,74.75075139
7/2/2016 16:00,sensor_3,3606.5,2202.87125,80.98350088
7/2/2016 16:00,sensor_4,13139.5,2000.93875,79.8422872
7/2/2016 20:00,sensor_0,106,1647.84875,60.54717869
7/2/2016 20:00,sensor_2,80.75,1485.0175,73.71698712
7/2/2016 20:00,sensor_3,64.625,2176.96125,77.49600877
7/2/2016 20:00,sensor_4,248.5,2037.005,71.56810057
7/3/2016 0:00,sensor_0,14573.5,2413.36875,66.5677786
7/3/2016 0:00,sensor_2,0,1585.71125,69.62141865
7/3/2016 0:00,sensor_3,0,1443.1675,73.12745969
7/3/2016 0:00,sensor_4,0,2040.9325,68.45332345
7/3/2016 4:00,sensor_0,41364.375,1953.63625,73.32283465
7/3/2016 4:00,sensor_2,2268.125,1701.33,71.12893663
7/3/2016 4:00,sensor_3,707.625,1507.59375,72.37508641
7/3/2016 4:00,sensor_4,4228.75,2171.33125,68.21370106
7/3/2016 8:00,sensor_0,26405.625,2372.84125,80.69912232
7/3/2016 8:00,sensor_2,12047.75,1725.30375,74.21157549
7/3/2016 8:00,sensor_3,4445,1554.5025,74.56968021
7/3/2016 8:00,sensor_4,40030.5,2046.46,70.65053773
7/3/2016 12:00,sensor_0,5228.25,2606.55125,80.54717869
7/3/2016 12:00,sensor_2,11084.125,1935.88,76.92933886
7/3/2016 12:00,sensor_3,7052.375,1367.24625,75.54920713
7/3/2016 12:00,sensor_4,38112.375,2060.605,72.39523949
7/3/2016 16:00,sensor_0,0,2241.1675,72.84016106
7/3/2016 16:00,sensor_2,4688.625,1683.895,74.20091319
7/3/2016 16:00,sensor_3,3546.375,1688.99125,73.15017163
7/3/2016 16:00,sensor_4,14415.125,2085.59625,73.50529623
7/3/2016 20:00,sensor_0,100.875,2005.8275,60.54717869
7/3/2016 20:00,sensor_2,73.5,1628.815,72.66923809
7/3/2016 20:00,sensor_3,52.25,1581.95625,76.0758267
7/3/2016 20:00,sensor_4,216,1956.915,73.0235475
7/4/2016 0:00,sensor_0,10879.25,1711.7475,69.00245054
7/4/2016 0:00,sensor_2,0,1877.32875,69.16834238
7/4/2016 0:00,sensor_3,0,1507.95875,72.72664104
7/4/2016 0:00,sensor_4,0,2069.6625,68.4458457
7/4/2016 4:00,sensor_0,9696,1924.13875,79.40192563
7/4/2016 4:00,sensor_2,1865.25,1895.13375,69.97535534
7/4/2016 4:00,sensor_3,458.125,1648.94375,76.55347617
7/4/2016 4:00,sensor_4,2306.5,1892.9375,66.83674004
7/4/2016 8:00,sensor_0,17201,2371.32375,85.48062535
7/4/2016 8:00,sensor_2,14246.75,2201.60875,73.72064177
7/4/2016 8:00,sensor_3,1318,2663.12375,78.71734805
7/4/2016 8:00,sensor_4,4728,2053.17,71.27303223
7/4/2016 12:00,sensor_0,3145.75,2338.81875,82.98185062
7/4/2016 12:00,sensor_2,4612.125,1607.42625,75.73111564
7/4/2016 12:00,sensor_3,4075,1807.38125,74.68559944
7/4/2016 12:00,sensor_4,23064.5,2266.445,76.89912353
7/4/2016 16:00,sensor_0,0,2983.3925,71.50122527
7/4/2016 16:00,sensor_2,4006.875,1839.7075,77.96209387
7/4/2016 16:00,sensor_3,3564.5,2050.1325,75.82150449
7/4/2016 16:00,sensor_4,12479.125,2362.11,75.9964895
7/4/2016 20:00,sensor_0,37,1593.78875,66.30847906
7/4/2016 20:00,sensor_2,22.875,1996.76,76.33937097
7/4/2016 20:00,sensor_3,13,1962.96875,74.27534495
7/4/2016 20:00,sensor_4,57.75,2664.16625,74.37894778
7/5/2016 0:00,sensor_0,14514.5,2441.99875,73.55447211
7/5/2016 0:00,sensor_2,0,1330.37375,69.40601794
7/5/2016 0:00,sensor_3,33.75,1211.3125,73.8290566
7/5/2016 0:00,sensor_4,0,1600.76625,69.62357576
7/5/2016 4:00,sensor_0,43256.5,2036.97625,74.72858531
7/5/2016 4:00,sensor_2,968.25,1461.88125,71.90903856
7/5/2016 4:00,sensor_3,33.75,1454.58,77.84690223
7/5/2016 4:00,sensor_4,2910.75,2045.245,70.96864812
7/5/2016 8:00,sensor_0,42733.6,1557.736,75.58362492
7/5/2016 8:00,sensor_2,13711.625,1559.495,75.35906931
7/5/2016 8:00,sensor_3,5076.25,3045.07,79.26948623
7/5/2016 8:00,sensor_4,41264.125,1979.32375,72.90521987
7/5/2016 12:00,sensor_0,1465,2692.825,71.50122527
7/5/2016 12:00,sensor_2,8347.75,1680.4375,76.02340857
7/5/2016 12:00,sensor_3,6696.25,2341.755,78.84484807
7/5/2016 12:00,sensor_4,37687.375,4089.42,72.39667537
7/5/2016 16:00,sensor_0,0,2438.2675,73.55447211
7/5/2016 16:00,sensor_2,1975.5,2135.28875,76.69271376
7/5/2016 16:00,sensor_3,3048.375,3766.225,78.7802238
7/5/2016 16:00,sensor_4,8705.25,2038.2575,73.38849024
7/5/2016 20:00,sensor_0,101.25,2088.87875,66.5677786
7/5/2016 20:00,sensor_2,72.75,1510.77875,73.65066292
7/5/2016 20:00,sensor_3,70.625,1809.29375,77.92130845
7/5/2016 20:00,sensor_4,277.75,2245.69375,70.3230448
7/6/2016 0:00,sensor_0,11616.375,2854.5725,70.42371765
7/6/2016 0:00,sensor_2,0,1415.2,71.62054149
7/6/2016 0:00,sensor_3,0,1893.855,72.35766616
7/6/2016 0:00,sensor_4,0,2446.6525,69.44068044
7/6/2016 4:00,sensor_0,15407.375,2486.30875,74.8278537
7/6/2016 4:00,sensor_2,1618.75,1975.365,76.2868406
7/6/2016 4:00,sensor_3,540,2050.3975,80.785554
7/6/2016 4:00,sensor_4,3366.75,2572.77625,71.71229317
7/6/2016 8:00,sensor_0,39952.375,2857.81375,81.51327228
7/6/2016 8:00,sensor_2,8607.125,2693.19125,75.44856636
7/6/2016 8:00,sensor_3,1345.125,2146.25625,81.17832959
7/6/2016 8:00,sensor_4,4777.25,2555.0975,72.12802806
7/6/2016 12:00,sensor_0,2892.625,2734.44,79.74483422
7/6/2016 12:00,sensor_2,5828.375,2208.92875,77.39002512
7/6/2016 12:00,sensor_3,4941.25,1903.5325,82.20658951
7/6/2016 12:00,sensor_4,28119.75,13388.5,73.38698806
7/6/2016 16:00,sensor_0,0,2680.4325,70.74545405
7/6/2016 16:00,sensor_2,1943.125,1779.05,78.87158348
7/6/2016 16:00,sensor_3,2954.875,1922.28375,80.63663023
7/6/2016 16:00,sensor_4,8710.875,6720.19875,77.2018085
7/6/2016 20:00,sensor_0,93.5,2240.76,66.04119983
7/6/2016 20:00,sensor_2,68,1434.225,72.05497936
7/6/2016 20:00,sensor_3,57,1548.41875,80.11204839
7/6/2016 20:00,sensor_4,237.375,4137.54875,70.48825005
7/7/2016 0:00,sensor_0,13314.375,2311.30875,70.74545405
7/7/2016 0:00,sensor_2,0,1494.7925,71.12893663
7/7/2016 0:00,sensor_3,0,1629.77,73.59958144
7/7/2016 0:00,sensor_4,0,7314.865,69.98024857
7/7/2016 4:00,sensor_0,39378.75,2807.6,80.34036202
7/7/2016 4:00,sensor_2,1635.75,3718.23625,71.11824994
7/7/2016 4:00,sensor_3,551.5,1912.08625,78.19061258
7/7/2016 4:00,sensor_4,3642.5,1965.26,70.96864812
7/7/2016 8:00,sensor_0,38091,3207.6675,84.30422609
7/7/2016 8:00,sensor_2,12781.75,5965.44375,75.73850662
7/7/2016 8:00,sensor_3,3573.875,1930.9175,80.00823094
7/7/2016 8:00,sensor_4,26159.875,9312.9375,72.3956408
7/7/2016 12:00,sensor_0,6267.5,3703.2,76.76605396
7/7/2016 12:00,sensor_2,11290.125,2817.00875,77.09564985
7/7/2016 12:00,sensor_3,6990.125,1963.7625,81.81967093
7/7/2016 12:00,sensor_4,40255.75,2527.98,75.17979239
7/7/2016 16:00,sensor_2,3916.5,3201.01,77.56256939
7/7/2016 16:00,sensor_3,3370,2359.89375,78.59269872
7/7/2016 16:00,sensor_4,14136.125,13499.985,75.079934
7/7/2016 20:00,sensor_2,88.375,7805.96125,73.55648651
7/7/2016 20:00,sensor_3,59.375,2333.66875,79.50182155
7/7/2016 20:00,sensor_4,292.375,10725.07625,70.64972255
7/8/2016 0:00,sensor_2,0,3868.5325,72.99904377
7/8/2016 0:00,sensor_3,0,1926.615,70.94135681
7/8/2016 0:00,sensor_4,0,2595.125,69.80391038
7/8/2016 4:00,sensor_0,20283.57143,2546.042857,80.61986438
7/8/2016 4:00,sensor_2,1755.75,2160.08,72.9113123
7/8/2016 4:00,sensor_3,657,2187.48125,77.63899387
7/8/2016 4:00,sensor_4,4070.75,9611.72,71.71146101
7/8/2016 8:00,sensor_0,25959.5,2715.861667,82.07384675
7/8/2016 8:00,sensor_2,11234.625,2249.615,76.94227015
7/8/2016 8:00,sensor_3,2075.125,2704.03125,80.58740449
7/8/2016 8:00,sensor_4,15045.75,30462.6575,72.39491069
7/8/2016 12:00,sensor_2,7856.5,2078.94125,76.54423357
7/8/2016 12:00,sensor_3,5822.5,3547.25375,79.38829278
7/8/2016 12:00,sensor_4,36006.875,6300.91,81.59433299
7/8/2016 16:00,sensor_2,2819.375,4234.35125,74.3659283
7/8/2016 16:00,sensor_3,2530,2261.71875,78.90393725
7/8/2016 16:00,sensor_4,9701.25,23540.73,80.93690571
7/8/2016 20:00,sensor_2,73,9319.34625,73.99784466
7/8/2016 20:00,sensor_3,45,2729.37,80.48196355
7/8/2016 20:00,sensor_4,251.625,2837.98375,78.06437613
7/9/2016 0:00,sensor_2,0,2853.9675,68.16561172
7/9/2016 0:00,sensor_3,0,2648.28125,71.84640775
7/9/2016 0:00,sensor_4,0,3286.895,75.54774685
7/9/2016 4:00,sensor_0,20956,3919.89,87.06425028
7/9/2016 4:00,sensor_2,520.5,5558.5475,69.46863557
7/9/2016 4:00,sensor_3,307.375,2107.53,76.49261884
7/9/2016 4:00,sensor_4,1468.625,2539.60125,71.98680055
7/9/2016 8:00,sensor_0,3215.875,3987.2875,74.52657877
7/9/2016 8:00,sensor_2,8155.625,2044.9,73.00704529
7/9/2016 8:00,sensor_3,4659.125,2554.4075,78.33149398
7/9/2016 8:00,sensor_4,24706.375,2512.8625,74.58569251
7/9/2016 12:00,sensor_0,0,3971.276667,78.43697499
7/9/2016 12:00,sensor_2,10762.75,2202.42625,72.54433048
7/9/2016 12:00,sensor_3,6606.375,2881.86,78.06125077
7/9/2016 12:00,sensor_4,33864.25,3455.08875,75.08433773
7/9/2016 16:00,sensor_2,2876.5,2905.75375,71.91793735
7/9/2016 16:00,sensor_3,1876.875,3460.695,79.55329001
7/9/2016 16:00,sensor_4,9296.875,6980.6575,74.79040807
7/9/2016 20:00,sensor_2,8.875,2170.84375,70.02832761
7/9/2016 20:00,sensor_3,7.125,1904.09,76.8153861
7/9/2016 20:00,sensor_4,28.75,7032.005,72.11332794
7/10/2016 0:00,sensor_2,0,1797.79,69.6125013
7/10/2016 0:00,sensor_3,0,1656.01875,70.1072314
7/10/2016 0:00,sensor_4,0,1687.145,66.28960194
7/10/2016 4:00,sensor_2,1902.75,4825.765,71.43282611
7/10/2016 4:00,sensor_3,743.5,1766.4725,70.75834492
7/10/2016 4:00,sensor_4,3783.375,1909.8325,68.24163192
7/10/2016 8:00,sensor_2,14877.75,2222.9225,73.47688471
7/10/2016 8:00,sensor_3,3677.25,1561.66625,75.26457041
7/10/2016 8:00,sensor_4,37156.5,18395.095,70.3230448
7/10/2016 12:00,sensor_2,9469.625,2111.5425,77.98007783
7/10/2016 12:00,sensor_3,6543.375,1704.435,80.9840863
7/10/2016 12:00,sensor_4,38199.125,7324.75875,75.54987358
7/10/2016 16:00,sensor_2,4462.5,4185.56,75.45885837
7/10/2016 16:00,sensor_3,4040.125,1660.3075,76.97196085
7/10/2016 16:00,sensor_4,15162.25,4852.1325,82.81946097
7/10/2016 20:00,sensor_0,11020.875,2173.72375,75.58362492
7/10/2016 20:00,sensor_2,67.125,5429.00625,73.00903477
7/10/2016 20:00,sensor_3,52,1393.295,77.04596688
7/10/2016 20:00,sensor_4,238,7121.71875,82.03676783
7/11/2016 0:00,sensor_0,31239.5,2542.76875,76.76605396
7/11/2016 0:00,sensor_2,0,5074.4125,69.90849553
7/11/2016 0:00,sensor_3,0,1592.26375,76.73246894
7/11/2016 0:00,sensor_4,0,1739.8725,72.52176213
7/11/2016 4:00,sensor_0,2267.75,2820.72375,74
7/11/2016 4:00,sensor_2,1442.75,4064.5125,72.8967617
7/11/2016 4:00,sensor_3,417.5,1790.52375,76.24616778
7/11/2016 4:00,sensor_4,2239,2160.75625,72.77969972
7/11/2016 8:00,sensor_0,0,2030.015,69.38015742
7/11/2016 8:00,sensor_2,11264.375,1978.58,75.63466749
7/11/2016 8:00,sensor_3,2386.25,2068.68625,79.95197886
7/11/2016 8:00,sensor_4,18965.5,12186.73375,74.68908714
7/11/2016 12:00,sensor_0,517.25,1844.7425,72.45969631
7/11/2016 12:00,sensor_2,4809.125,1822.2825,75.82839225
7/11/2016 12:00,sensor_3,3819.625,1823.415,78.26579333
7/11/2016 12:00,sensor_4,24739.125,17538.6225,73.26866406
7/11/2016 16:00,sensor_0,10537.66667,1854.351667,75.82160939
7/11/2016 16:00,sensor_2,2671.666667,1998.335,76.42625378
7/11/2016 16:00,sensor_3,3664.5,1905.743333,76.57747582
7/11/2016 16:00,sensor_4,11581.16667,6097.67,73.65749516
